friendly,qualifier,confederation,worldcup,avg_rps,n_matches
1.5,1.75,1.5,3.5,0.19532415188245605,4768
1.75,2.0,1.5,5.0,0.19534002879841095,4768
1.75,2.0,1.75,5.0,0.19534035423073753,4768
1.5,2.0,1.5,3.5,0.1953407338804083,4768
1.75,2.0,1.5,4.5,0.19534324321191246,4768
1.75,2.0,1.75,4.5,0.1953432724706069,4768
1.5,1.75,1.5,4.25,0.1953443924503237,4768
1.75,2.0,1.5,4.25,0.1953447212835666,4768
1.75,2.0,1.5,3.5,0.1953448665884865,4768
1.5,1.75,1.5,4.5,0.1953454512600117,4768
1.75,2.0,1.75,4.25,0.1953455270994768,4768
1.5,1.75,1.5,4.0,0.1953457287548572,4768
1.75,2.25,1.75,5.0,0.1953473626201811,4768
1.75,2.25,2.0,5.0,0.1953490807007578,4768
1.75,2.0,1.75,4.0,0.1953491562458803,4768
1.75,2.0,1.5,4.0,0.1953496026263809,4768
1.75,2.25,1.75,4.5,0.19535130940328832,4768
1.5,1.75,1.5,5.0,0.19535302942401175,4768
1.75,2.25,2.0,4.5,0.19535382150630065,4768
1.5,2.0,1.5,4.25,0.1953540634510897,4768
1.75,2.0,2.0,5.0,0.1953540830986956,4768
1.5,2.0,1.5,4.0,0.19535409507442894,4768
1.75,2.25,1.75,4.25,0.1953553663494825,4768
1.5,2.0,1.5,5.0,0.19535562172939658,4768
1.5,2.0,1.5,4.5,0.195355769416865,4768
1.75,2.0,2.0,4.5,0.19535612018030182,4768
1.75,2.25,1.5,5.0,0.19535632271631959,4768
1.25,1.75,1.5,3.5,0.1953571830193621,4768
1.75,2.25,2.0,4.25,0.19535911784305773,4768
1.75,2.0,2.0,4.25,0.19535948344423618,4768
1.75,2.0,1.75,3.5,0.19535965960416424,4768
1.75,2.25,1.75,4.0,0.19536076952218961,4768
1.75,2.0,2.0,4.0,0.19536286429412345,4768
1.75,2.25,1.5,4.5,0.19536303517566977,4768
1.75,2.25,1.5,3.5,0.1953639208756546,4768
1.75,2.25,2.0,4.0,0.1953640943980249,4768
1.75,2.25,1.5,4.25,0.19536454650662347,4768
1.25,1.5,1.5,4.0,0.19536490932551726,4768
1.5,1.75,1.75,4.0,0.19536852237228933,4768
1.75,2.25,2.25,5.0,0.19536872926936552,4768
1.5,1.75,1.75,3.5,0.1953691992708997,4768
1.5,1.75,1.75,4.25,0.19536924067178887,4768
1.75,2.25,1.5,4.0,0.19536959090808814,4768
1.5,2.0,1.75,4.5,0.1953707676448361,4768
1.5,1.75,1.75,4.5,0.19537193298728692,4768
1.5,2.0,1.75,4.0,0.195371935968758,4768
1.5,2.0,1.75,4.25,0.1953719819781265,4768
1.75,2.25,1.75,3.5,0.19537217108593852,4768
1.75,2.25,2.25,4.5,0.1953728380159821,4768
1.75,2.0,2.0,3.5,0.19537323717254645,4768
1.5,2.0,1.75,5.0,0.19537357435690206,4768
1.25,1.75,1.5,4.0,0.19537404152045462,4768
1.5,2.0,1.75,3.5,0.19537474870069674,4768
1.5,1.75,1.75,5.0,0.1953755650761043,4768
1.75,2.25,2.0,3.5,0.19537579365553975,4768
1.75,2.25,2.25,4.25,0.19537822194358578,4768
1.75,2.5,2.0,5.0,0.19537829015061683,4768
1.25,1.5,1.5,4.25,0.1953788207169169,4768
1.25,1.75,1.5,4.25,0.19538059259332638,4768
1.75,2.25,2.25,4.0,0.19538338655428988,4768
1.75,2.0,2.25,5.0,0.195383403080816,4768
1.75,1.75,1.5,3.5,0.19538355814527358,4768
1.75,2.0,2.25,4.5,0.19538397484470618,4768
1.25,1.5,1.5,3.5,0.19538428999569035,4768
1.75,2.5,2.0,4.5,0.19538460538838046,4768
1.25,1.75,1.5,4.5,0.1953851403876186,4768
1.25,1.5,1.5,4.5,0.195386820957645,4768
1.75,2.0,2.25,4.25,0.19538790344552898,4768
1.75,2.5,1.75,5.0,0.1953880314687372,4768
1.75,1.75,1.5,4.5,0.1953892111420627,4768
1.75,2.5,2.0,4.25,0.19538973718973512,4768
1.75,1.75,1.5,4.25,0.19539008459809407,4768
1.75,2.5,2.25,5.0,0.19539018033727712,4768
1.5,1.5,1.5,4.0,0.1953904184477735,4768
1.75,2.0,2.25,4.0,0.19539058934106676,4768
1.75,1.75,1.5,4.0,0.19539074173279355,4768
1.75,1.75,1.5,5.0,0.19539118029201247,4768
1.5,2.0,2.0,4.5,0.19539322834604406,4768
1.75,2.25,2.25,3.5,0.19539431956956832,4768
1.5,2.0,2.0,4.0,0.19539452961162881,4768
1.5,2.0,2.0,4.25,0.19539458315632868,4768
1.5,2.0,2.0,5.0,0.1953952913918744,4768
1.75,2.5,1.75,4.5,0.19539590716373964,4768
1.5,2.0,2.0,3.5,0.19539683955636786,4768
1.75,2.5,2.0,4.0,0.19539716891227724,4768
1.5,1.5,1.5,4.25,0.19539717134976847,4768
1.75,2.5,2.25,4.5,0.19539745289260418,4768
1.25,1.75,1.5,5.0,0.1953978979267138,4768
1.75,1.75,1.75,4.5,0.19539962824279863,4768
1.75,2.25,2.5,5.0,0.19539991457991424,4768
1.75,2.0,2.25,3.5,0.19540028955778688,4768
1.75,1.75,1.75,5.0,0.1954006536215698,4768
1.75,2.5,2.25,4.25,0.195400956947156,4768
1.75,1.75,1.75,4.25,0.19540119359446018,4768
1.75,2.5,1.75,4.25,0.19540190255126655,4768
1.25,1.5,1.5,5.0,0.19540225479255743,4768
1.5,1.5,1.5,4.5,0.19540314468948874,4768
1.75,1.75,1.75,4.0,0.19540355148330202,4768
1.5,1.75,2.0,3.5,0.1954063070783066,4768
1.75,2.25,2.5,4.5,0.1954066029016282,4768
1.5,1.75,2.0,4.0,0.19540826713571235,4768
1.75,2.5,1.75,4.0,0.19540831206125342,4768
1.75,2.5,2.25,4.0,0.19540840767064652,4768
1.75,1.75,1.75,3.5,0.19540907102135482,4768
1.75,2.25,2.5,4.25,0.19540942191956173,4768
1.5,1.75,2.0,4.5,0.19540959383294623,4768
1.75,2.5,1.5,5.0,0.19540979389640928,4768
1.5,1.75,2.0,4.25,0.19541039653812498,4768
1.5,2.25,1.5,4.0,0.1954106788975164,4768
1.75,2.5,2.0,3.5,0.19541213292875967,4768
1.5,1.5,1.5,5.0,0.19541229112619338,4768
1.75,2.5,2.5,5.0,0.1954139159906699,4768
1.75,2.25,2.5,4.0,0.19541496234236763,4768
1.5,2.25,1.75,5.0,0.1954149670407586,4768
1.5,2.25,1.75,4.5,0.1954150387178725,4768
1.5,2.25,1.5,5.0,0.19541514618586095,4768
1.5,2.25,1.5,4.5,0.19541558119789054,4768
1.5,1.5,1.5,3.5,0.19541585675027381,4768
1.25,1.75,1.75,3.5,0.1954161937297875,4768
1.5,2.25,1.5,4.25,0.19541683163381096,4768
1.5,2.25,1.5,3.5,0.1954169952321505,4768
1.75,2.5,1.5,4.5,0.1954177173239932,4768
1.5,2.25,1.75,4.25,0.1954181792204367,4768
1.5,1.75,2.0,5.0,0.19541887519797316,4768
1.25,1.5,1.75,3.5,0.1954189114778597,4768
1.75,2.5,1.5,3.5,0.19541928571333952,4768
1.5,2.25,1.75,4.0,0.19541978743353078,4768
1.25,2.0,1.5,3.5,0.19542113394968896,4768
1.75,2.5,2.5,4.5,0.1954212678708689,4768
1.75,2.5,1.5,4.25,0.19542204133141614,4768
1.25,1.75,1.75,4.0,0.1954235026223821,4768
1.75,2.5,1.75,3.5,0.1954235788490208,4768
1.75,2.5,2.25,3.5,0.1954244573257078,4768
1.75,1.75,2.0,5.0,0.19542537458591133,4768
1.75,2.5,1.5,4.0,0.19542640229781205,4768
1.75,1.75,2.0,4.5,0.1954264353381305,4768
1.5,2.25,1.75,3.5,0.19542645266412542,4768
0.75,1.5,1.5,3.5,0.19542663317960565,4768
1.75,2.5,2.5,4.25,0.195427237931076,4768
1.75,1.75,2.0,4.25,0.19542743978999008,4768
1.5,2.25,2.0,4.5,0.19542746798197214,4768
1.75,2.0,2.5,5.0,0.19542767440056144,4768
1.5,2.25,2.0,5.0,0.19542813552008234,4768
1.75,2.25,2.5,3.5,0.19542817672248677,4768
1.25,1.75,1.75,4.25,0.1954282449429116,4768
1.5,2.25,2.0,4.25,0.19542961574535822,4768
1.75,1.75,2.0,4.0,0.195430312157757,4768
1.5,2.25,2.0,4.0,0.1954304268035139,4768
1.75,2.0,2.5,4.5,0.19543044636155063,4768
1.25,1.5,1.75,4.0,0.1954305279191206,4768
1.25,1.75,1.75,4.5,0.19543167147989646,4768
1.75,2.5,2.5,4.0,0.19543328252171155,4768
1.75,2.0,2.5,4.25,0.19543361841111437,4768
1.5,1.5,1.75,3.5,0.1954343329415084,4768
1.75,1.75,2.0,3.5,0.1954348679660088,4768
1.25,1.5,1.75,4.25,0.19543563877737746,4768
1.75,2.75,2.0,5.0,0.19543639355131703,4768
1.75,2.0,2.5,4.0,0.19543695279743492,4768
1.5,2.0,2.25,4.5,0.1954369670558382,4768
1.5,2.0,2.25,5.0,0.19543754629436222,4768
1.5,2.0,2.25,4.25,0.1954380904353503,4768
1.5,1.5,1.75,4.0,0.19543845131868284,4768
1.5,2.0,2.25,4.0,0.19543907354158163,4768
1.5,2.25,2.0,3.5,0.19543934537090693,4768
1.5,1.5,1.75,4.25,0.19544158543431128,4768
1.25,1.75,1.75,5.0,0.19544209532606283,4768
1.75,2.75,2.25,5.0,0.1954424777191544,4768
1.25,2.0,1.5,4.0,0.19544262654129646,4768
1.5,1.5,1.75,4.5,0.19544293179749092,4768
1.5,2.0,2.25,3.5,0.19544320682704983,4768
1.75,2.0,2.5,3.5,0.19544430144881278,4768
1.25,1.5,1.75,4.5,0.19544430180651257,4768
1.75,2.25,2.75,5.0,0.19544462731367018,4768
1.75,2.75,2.0,4.5,0.19544775243523035,4768
1.75,2.25,2.75,4.5,0.19545033787045404,4768
1.75,2.5,2.5,3.5,0.19545130808292155,4768
1.75,2.5,2.75,5.0,0.19545193624797907,4768
1.25,2.0,1.5,4.25,0.19545321558210688,4768
1.5,1.5,1.75,5.0,0.19545450207057,4768
1.75,2.75,2.0,4.25,0.1954556373636392,4768
1.25,1.5,1.75,5.0,0.19545564400520318,4768
1.75,2.25,2.75,4.25,0.1954568639575189,4768
1.75,2.75,2.25,4.5,0.19545688277255394,4768
1.75,2.75,1.75,5.0,0.1954577579952575,4768
1.5,1.75,2.25,4.25,0.1954582790466619,4768
1.5,1.75,2.25,3.5,0.1954582874759411,4768
1.5,2.25,2.25,5.0,0.1954583488125213,4768
1.5,1.75,2.25,4.0,0.19545851761824357,4768
1.75,2.75,2.5,5.0,0.1954587103769761,4768
1.75,2.25,2.75,4.0,0.19545884868499686,4768
1.75,2.5,2.75,4.5,0.19545898064007017,4768
1.5,2.25,2.25,4.5,0.19545929791533662,4768
1.25,2.0,1.5,4.5,0.19545933135016882,4768
1.75,2.75,2.25,4.25,0.19546055406129254,4768
1.5,2.25,2.25,4.25,0.19546067643853152,4768
1.5,1.75,2.25,4.5,0.1954614443831748,4768
1.75,2.75,2.0,4.0,0.19546233705430388,4768
1.5,2.25,2.25,4.0,0.19546330572470758,4768
1.75,2.5,2.75,4.25,0.19546438564237534,4768
1.25,1.75,2.0,3.5,0.1954651815782695,4768
1.75,2.75,1.75,4.5,0.19546623613303865,4768
1.5,1.75,2.25,5.0,0.19546666897531584,4768
1.25,2.0,1.5,5.0,0.19546671220967063,4768
1.75,1.75,2.25,5.0,0.1954667182881044,4768
1.75,2.75,2.5,4.5,0.19546755373014693,4768
1.75,1.75,2.25,4.5,0.19546771908399133,4768
1.75,2.75,2.25,4.0,0.19546814849680244,4768
1.75,1.75,2.25,4.25,0.195468623412139,4768
1.75,1.75,2.25,4.0,0.1954693972484857,4768
1.75,2.5,2.75,4.0,0.1954703514485615,4768
1.5,2.25,2.25,3.5,0.19547055572111974,4768
1.75,2.25,2.75,3.5,0.1954714801360962,4768
1.25,1.75,2.0,4.0,0.19547288932756504,4768
1.75,2.75,2.5,4.25,0.19547463955710115,4768
1.75,2.75,1.75,4.25,0.19547563570619944,4768
1.75,1.75,2.25,3.5,0.19547577695793913,4768
1.25,1.75,2.0,4.25,0.19547755253591131,4768
1.25,2.0,1.75,3.5,0.19547832988143415,4768
1.75,2.0,2.75,5.0,0.19548019959666973,4768
1.75,2.75,2.0,3.5,0.19548090351944652,4768
1.75,2.75,1.75,4.0,0.1954810537719233,4768
1.0,1.5,1.5,4.0,0.1954811884503269,4768
1.25,2.0,1.75,4.0,0.19548138094379272,4768
1.25,1.75,2.0,4.5,0.19548203946484147,4768
1.75,2.0,2.75,4.5,0.19548246238330394,4768
1.75,2.75,2.5,4.0,0.19548250030662734,4768
1.5,1.5,2.0,3.5,0.1954829209721488,4768
1.25,1.5,2.0,3.5,0.1954834970272876,4768
1.25,2.0,1.75,4.25,0.1954849644419177,4768
1.75,2.5,2.75,3.5,0.19548563138955163,4768
1.75,2.75,2.75,5.0,0.19548596848594751,4768
1.75,2.0,2.75,4.25,0.19548598619489796,4768
1.5,2.0,2.5,4.5,0.19548622716479996,4768
1.5,2.0,2.5,4.0,0.19548632315144482,4768
1.5,2.0,2.5,4.25,0.1954865338658951,4768
1.75,2.75,1.5,5.0,0.19548662518816878,4768
1.0,1.5,1.5,3.5,0.19548667291348437,4768
1.75,2.75,2.25,3.5,0.19548815248813822,4768
1.5,2.0,2.5,5.0,0.1954881902174373,4768
1.5,1.5,2.0,4.0,0.19548837517323336,4768
1.75,2.0,2.75,4.0,0.19548837625088802,4768
1.25,2.0,1.75,4.5,0.1954887418548683,4768
1.5,2.0,2.5,3.5,0.19548908066230658,4768
1.5,2.5,1.75,5.0,0.19549064170406946,4768
1.25,1.75,2.0,5.0,0.1954916062532785,4768
1.5,1.5,2.0,4.25,0.19549169870774236,4768
1.5,2.5,1.75,4.5,0.1954922997527153,4768
1.0,1.5,1.5,4.25,0.19549342227249417,4768
1.75,2.5,3.0,5.0,0.19549354864843593,4768
1.5,2.5,2.0,5.0,0.19549370709719327,4768
1.75,2.75,1.5,4.5,0.19549400784066548,4768
1.25,2.0,1.75,5.0,0.19549494777285967,4768
1.5,1.5,2.0,4.5,0.1954951167028291,4768
1.5,2.5,2.0,4.5,0.19549541365108142,4768
1.5,2.5,1.75,4.25,0.19549593467345028,4768
1.25,1.5,2.0,4.0,0.19549658059550057,4768
1.75,2.75,2.75,4.5,0.19549706551288454,4768
1.75,2.0,2.75,3.5,0.19549837718615445,4768
1.5,2.5,1.75,4.0,0.19549870346020515,4768
1.75,2.75,1.75,3.5,0.19549894640083723,4768
1.75,2.25,3.0,5.0,0.19549900593027295,4768
1.75,1.5,1.5,4.0,0.19549938915898415,4768
1.5,2.5,2.0,4.25,0.19550102399880406,4768
1.75,2.5,3.0,4.5,0.19550113996571722,4768
1.75,2.75,2.5,3.5,0.1955019841651931,4768
1.0,1.5,1.5,4.5,0.19550212931874547,4768
1.75,2.75,1.5,4.25,0.1955024570342558,4768
1.5,2.5,1.5,5.0,0.19550249314272491,4768
1.75,2.75,2.75,4.25,0.19550297319754684,4768
1.25,1.5,2.0,4.25,0.19550325084245762,4768
1.5,2.5,2.0,4.0,0.19550339320539487,4768
1.5,2.5,1.5,4.5,0.19550442269587695,4768
1.75,1.5,1.5,4.25,0.19550457159019008,4768
1.5,2.25,2.5,5.0,0.19550464958494226,4768
1.5,2.25,2.5,4.5,0.19550470019845007,4768
1.5,2.5,1.5,3.5,0.19550481564160074,4768
1.75,2.25,3.0,4.5,0.19550522441733123,4768
1.75,2.75,1.5,4.0,0.19550695925715467,4768
1.5,1.5,2.0,5.0,0.19550760080606833,4768
1.75,2.5,3.0,4.25,0.19550798924480203,4768
1.5,2.25,2.5,4.25,0.19550810770206534,4768
1.75,1.5,1.5,4.5,0.1955081078330887,4768
1.5,2.5,1.5,4.25,0.19550849676178383,4768
1.75,2.25,3.0,4.25,0.19550897315252153,4768
1.75,2.75,2.75,4.0,0.19550956759221735,4768
1.25,1.5,2.0,4.5,0.1955097954431094,4768
1.5,2.25,2.5,4.0,0.19551053695781753,4768
1.5,2.5,1.75,3.5,0.1955114461717331,4768
1.5,2.5,1.5,4.0,0.1955119165889478,4768
1.75,2.25,3.0,4.0,0.19551257540280978,4768
1.75,2.5,3.0,4.0,0.19551373815110978,4768
1.5,2.5,2.0,3.5,0.19551397385683628,4768
1.75,1.5,1.5,5.0,0.19551469082828873,4768
1.5,2.5,2.25,5.0,0.195515708087533,4768
1.5,2.25,2.5,3.5,0.19551594755335866,4768
1.25,2.0,2.0,3.5,0.19551742488813456,4768
1.75,2.75,1.5,3.5,0.19551804717485166,4768
1.5,2.5,2.25,4.5,0.19552008019379685,4768
1.75,1.75,2.5,4.5,0.1955205686159052,4768
1.5,1.75,2.5,3.5,0.1955206036404898,4768
1.5,2.5,2.25,4.25,0.19552075140334438,4768
1.5,1.75,2.5,4.0,0.19552087087240816,4768
1.25,2.0,2.0,4.0,0.19552090664129523,4768
1.75,1.75,2.5,5.0,0.19552114488792297,4768
1.5,1.75,2.5,4.25,0.19552168293675795,4768
1.75,1.75,2.5,4.25,0.19552182436479834,4768
1.5,2.5,2.25,4.0,0.1955234238707099,4768
1.25,2.0,2.0,4.25,0.1955237645914116,4768
1.0,1.5,1.5,5.0,0.19552414573643265,4768
1.25,1.5,2.0,5.0,0.19552454627335622,4768
1.75,1.75,2.5,4.0,0.1955246761001949,4768
1.5,1.75,2.5,4.5,0.19552521336789003,4768
1.25,2.0,2.0,4.5,0.19552594913343302,4768
1.75,2.25,3.0,3.5,0.19552613184129145,4768
1.75,2.75,2.75,3.5,0.1955273450020143,4768
1.75,2.75,3.0,5.0,0.1955287947189524,4768
1.75,1.75,2.5,3.5,0.19552926860085723,4768
1.75,1.5,1.5,3.5,0.19552934043914658,4768
1.75,2.5,3.0,3.5,0.19552992446437126,4768
1.5,1.75,2.5,5.0,0.1955311282783196,4768
1.5,2.5,2.25,3.5,0.19553139250389773,4768
1.25,2.0,2.0,5.0,0.1955327042338225,4768
1.25,1.75,2.25,3.5,0.19553278532080465,4768
1.75,1.5,1.75,4.25,0.19553413716293594,4768
1.75,1.5,1.75,4.0,0.1955346658777756,4768
1.75,1.5,1.75,4.5,0.19553514659885213,4768
1.0,1.75,1.5,3.5,0.19553662186634296,4768
1.75,2.75,3.0,4.5,0.19553719831830485,4768
1.75,1.5,1.75,3.5,0.1955372768312215,4768
1.25,1.75,2.25,4.0,0.19553944116573374,4768
1.75,2.0,3.0,5.0,0.19553974292674053,4768
1.75,2.0,3.0,4.5,0.1955407717488491,4768
1.75,1.5,1.75,5.0,0.19554106571760876,4768
1.25,1.75,2.25,4.25,0.19554169517720654,4768
1.0,1.5,1.75,3.5,0.19554315910027129,4768
1.5,2.0,2.75,4.5,0.1955439758904327,4768
1.75,2.0,3.0,4.25,0.19554418897057846,4768
1.75,2.75,3.0,4.25,0.19554613008431837,4768
1.5,2.0,2.75,4.0,0.1955462180261826,4768
1.5,2.0,2.75,4.25,0.195546376541973,4768
1.5,2.0,2.75,5.0,0.19554671122878062,4768
1.25,2.25,1.5,3.5,0.195547342142547,4768
1.75,2.0,3.0,4.0,0.1955483327053665,4768
1.25,1.75,2.25,4.5,0.19554859374167222,4768
1.5,2.0,2.75,3.5,0.1955500976722231,4768
1.5,2.5,2.5,5.0,0.19555186759142468,4768
1.5,1.5,2.25,3.5,0.19555226725762065,4768
1.5,2.25,2.75,4.5,0.1955524945245826,4768
1.5,2.25,2.75,5.0,0.19555288791856856,4768
1.75,2.75,3.0,4.0,0.19555344249066087,4768
1.25,2.25,1.5,4.0,0.1955545406591178,4768
1.5,2.25,2.75,4.25,0.19555489258444098,4768
1.5,2.5,2.5,4.5,0.19555549555631407,4768
1.5,2.25,2.75,4.0,0.19555579076129745,4768
1.5,2.5,2.5,4.25,0.1955561913878724,4768
1.75,2.0,3.0,3.5,0.19555629640616465,4768
1.25,2.25,1.5,4.25,0.19555637643647725,4768
1.5,1.5,2.25,4.0,0.19555673165692364,4768
1.25,2.25,1.5,4.5,0.1955574821315233,4768
1.25,1.75,2.25,5.0,0.19555799923462988,4768
1.5,2.5,2.5,4.0,0.19555902168076175,4768
1.5,1.5,2.25,4.25,0.19555918584498516,4768
1.0,1.5,1.75,4.0,0.1955601383050027,4768
1.5,2.25,2.75,3.5,0.19556135961651885,4768
1.5,1.5,2.25,4.5,0.1955635851473831,4768
1.25,1.5,2.25,3.5,0.19556375248354393,4768
1.25,2.25,1.5,5.0,0.19556539817483293,4768
1.0,1.75,1.5,4.0,0.19556741563808266,4768
1.5,2.5,2.5,3.5,0.19556831551499415,4768
1.25,2.0,2.25,3.5,0.1955687505622993,4768
1.5,1.5,2.25,5.0,0.19557117704469928,4768
1.0,1.5,1.75,4.25,0.19557138123687856,4768
1.75,1.5,2.0,4.25,0.19557252798284686,4768
1.25,2.0,2.25,4.0,0.19557264696114113,4768
1.75,1.5,2.0,4.0,0.1955736307877324,4768
1.75,2.75,3.0,3.5,0.1955737063552245,4768
1.75,1.5,2.0,4.5,0.19557412254565154,4768
1.25,2.25,1.75,4.0,0.195574282715411,4768
1.75,1.5,2.0,3.5,0.1955746503223557,4768
1.25,2.25,1.75,3.5,0.19557606493081509,4768
1.25,1.5,2.25,4.0,0.1955770256768294,4768
1.25,2.0,2.25,4.25,0.1955771282886784,4768
1.0,1.75,1.5,4.25,0.19557715136363185,4768
1.0,1.5,1.75,4.5,0.19557776316354492,4768
1.25,2.0,2.25,4.5,0.19557922652650298,4768
1.25,2.25,1.75,4.5,0.19558017935426947,4768
1.75,1.5,2.0,5.0,0.19558055801963176,4768
1.75,1.75,2.75,4.5,0.1955806637529987,4768
1.25,2.25,1.75,4.25,0.19558079506742468,4768
1.75,1.75,2.75,5.0,0.19558231193628411,4768
1.75,1.75,2.75,4.25,0.1955835908110329,4768
1.5,2.75,2.0,5.0,0.19558385911572024,4768
1.0,1.75,1.5,4.5,0.19558409298439586,4768
1.25,1.5,2.25,4.25,0.19558434155266335,4768
1.25,2.25,1.75,5.0,0.19558569769266407,4768
1.75,1.75,2.75,4.0,0.195585763344597,4768
1.5,2.75,1.75,5.0,0.1955879046139568,4768
1.25,2.0,2.25,5.0,0.19558811008328442,4768
1.25,1.5,2.25,4.5,0.1955887192760251,4768
1.75,1.75,2.75,3.5,0.1955907977585804,4768
1.5,2.75,2.0,4.5,0.19559191887763297,4768
1.5,1.75,2.75,3.5,0.19559429623397023,4768
1.5,2.75,2.0,4.25,0.19559454634957815,4768
1.5,2.75,1.75,4.5,0.1955950803454308,4768
1.5,1.75,2.75,4.0,0.19559603654282434,4768
1.5,1.75,2.75,4.25,0.19559659963606527,4768
1.5,2.75,2.25,5.0,0.19559671421468347,4768
1.5,1.75,2.75,4.5,0.1955973340805495,4768
1.5,2.75,1.75,4.25,0.19559749935049556,4768
1.5,2.5,2.75,5.0,0.1955982002701295,4768
1.0,1.5,1.75,5.0,0.19559970172912264,4768
1.5,2.75,2.0,4.0,0.19560016481566084,4768
1.0,1.75,1.5,5.0,0.1956007419775551,4768
1.5,1.75,2.75,5.0,0.19560140335214773,4768
1.5,2.5,2.75,4.5,0.19560168771189182,4768
1.5,2.75,1.75,4.0,0.19560169933288696,4768
1.5,2.75,2.25,4.5,0.19560279658810015,4768
1.5,2.5,2.75,4.25,0.19560367999263495,4768
1.25,2.25,2.0,4.0,0.19560484845737078,4768
1.25,2.25,2.0,4.25,0.19560490682565862,4768
1.25,1.5,2.25,5.0,0.19560559570613834,4768
1.25,2.25,2.0,3.5,0.19560618357777848,4768
1.5,2.75,2.25,4.25,0.19560630812968374,4768
1.25,2.25,2.0,4.5,0.19560705360788852,4768
1.5,2.5,2.75,4.0,0.1956083584582974,4768
1.5,2.75,1.5,3.5,0.19560885050361734,4768
1.5,2.75,1.5,5.0,0.19560921576101853,4768
1.5,2.75,2.25,4.0,0.1956119322905884,4768
1.25,2.25,2.0,5.0,0.19561195294685532,4768
1.25,1.75,2.5,3.5,0.19561198916432326,4768
1.5,2.25,3.0,5.0,0.19561216069453902,4768
1.5,2.25,3.0,4.25,0.19561305203326299,4768
1.5,2.25,3.0,4.5,0.19561329421165272,4768
1.5,2.75,2.0,3.5,0.19561408020452067,4768
1.0,1.75,1.75,3.5,0.19561464691081867,4768
1.5,2.75,1.75,3.5,0.19561486403506176,4768
1.5,2.75,1.5,4.5,0.19561493527572166,4768
1.25,1.75,2.5,4.0,0.19561505332478096,4768
1.5,2.25,3.0,4.0,0.1956168749246691,4768
1.5,2.0,3.0,4.5,0.19561709382174408,4768
1.5,2.0,3.0,4.25,0.19561729595895197,4768
1.5,2.75,1.5,4.25,0.1956174555755037,4768
1.5,2.5,2.75,3.5,0.19561754875362247,4768
1.5,2.0,3.0,4.0,0.1956176865395951,4768
1.5,2.75,1.5,4.0,0.19561781504561485,4768
1.5,2.0,3.0,5.0,0.1956180107085315,4768
1.25,1.75,2.5,4.25,0.1956207465789621,4768
1.5,2.0,3.0,3.5,0.19562181478627091,4768
1.5,2.75,2.5,5.0,0.19562352935208585,4768
1.25,1.75,2.5,4.5,0.19562430353346325,4768
1.5,2.25,3.0,3.5,0.1956247399770284,4768
1.5,1.5,2.5,3.5,0.19562508800707984,4768
1.5,2.75,2.25,3.5,0.19562560614757915,4768
1.0,1.5,2.0,3.5,0.19562652116709,4768
1.0,1.75,1.75,4.0,0.19562838611322222,4768
1.75,1.5,2.25,4.5,0.19562848288095458,4768
1.75,1.5,2.25,4.0,0.19562874984649808,4768
1.75,1.5,2.25,4.25,0.19562932396614327,4768
1.5,2.75,2.5,4.5,0.1956298431007784,4768
1.75,1.5,2.25,3.5,0.1956316884001751,4768
1.5,1.5,2.5,4.0,0.19563257078090646,4768
1.25,2.0,2.5,3.5,0.19563310667910863,4768
1.75,1.5,2.25,5.0,0.19563363132665632,4768
1.5,1.5,2.5,4.25,0.19563545816798875,4768
1.5,2.75,2.5,4.25,0.19563547078681848,4768
1.0,1.75,1.75,4.25,0.19563592169764704,4768
1.25,1.75,2.5,5.0,0.19563654000388983,4768
1.25,2.0,2.5,4.0,0.19563809660377324,4768
1.5,2.75,2.5,4.0,0.19563832421916746,4768
1.5,1.5,2.5,4.5,0.1956405935536474,4768
1.25,2.0,2.5,4.25,0.19564109089458065,4768
1.5,2.5,3.0,5.0,0.19564331900065185,4768
1.25,2.0,2.5,4.5,0.1956436845729087,4768
1.0,1.75,1.75,4.5,0.1956442339145049,4768
1.5,2.5,3.0,4.5,0.19564602985215046,4768
1.0,1.5,2.0,4.0,0.1956476518427247,4768
1.25,1.5,2.5,3.5,0.19564861374933856,4768
1.25,2.25,2.25,4.25,0.19564921745465552,4768
1.5,2.5,3.0,4.25,0.1956495215875707,4768
1.25,2.25,2.25,4.5,0.1956495832441742,4768
1.25,2.25,2.25,4.0,0.19564969967636314,4768
1.5,1.5,2.5,5.0,0.19564987836526646,4768
1.75,1.75,3.0,4.25,0.19564998973022799,4768
1.75,1.75,3.0,4.5,0.1956500788769775,4768
1.25,2.25,2.25,3.5,0.19565072166752434,4768
1.75,1.75,3.0,5.0,0.19565153918150247,4768
1.5,2.5,3.0,4.0,0.19565252987425694,4768
1.75,1.75,3.0,4.0,0.19565258202438846,4768
1.5,2.75,2.5,3.5,0.19565316602898114,4768
1.25,2.0,2.5,5.0,0.19565354790115674,4768
1.25,2.25,2.25,5.0,0.1956553181993745,4768
1.0,1.5,2.0,4.25,0.1956578918244193,4768
1.75,1.75,3.0,3.5,0.19565800144096904,4768
1.0,1.75,1.75,5.0,0.1956611170111425,4768
1.5,2.75,2.75,5.0,0.19566135114390643,4768
1.25,1.5,2.5,4.0,0.19566184559932695,4768
1.5,2.5,3.0,3.5,0.1956629033991039,4768
1.5,2.75,2.75,4.5,0.19566659269297246,4768
1.0,2.0,1.5,3.5,0.19566705007850202,4768
1.25,1.5,2.5,4.25,0.1956680181999605,4768
1.0,1.5,2.0,4.5,0.1956682191535399,4768
1.5,2.75,2.75,4.25,0.19567188473080732,4768
1.5,1.75,3.0,3.5,0.19567252815118627,4768
1.25,2.5,1.5,3.5,0.19567326280263375,4768
1.5,1.75,3.0,4.0,0.19567338791240133,4768
1.5,1.75,3.0,4.25,0.19567420599272498,4768
1.5,2.75,2.75,4.0,0.1956746356121218,4768
1.25,1.5,2.5,4.5,0.19567618094183356,4768
1.5,1.75,3.0,4.5,0.19567623433269246,4768
1.5,1.75,3.0,5.0,0.195681471641011,4768
1.0,1.75,2.0,3.5,0.19568594815989745,4768
1.5,2.75,2.75,3.5,0.1956867884541429,4768
1.25,1.75,2.75,3.5,0.1956869484163414,4768
1.25,2.5,1.5,4.0,0.19568885689472307,4768
1.25,2.5,1.5,4.25,0.19568923458104667,4768
1.25,2.5,1.5,4.5,0.1956893628912914,4768
1.0,1.5,2.0,5.0,0.19569005245610083,4768
1.25,1.5,2.5,5.0,0.19569007544740907,4768
1.25,2.5,1.5,5.0,0.1956907099473982,4768
1.75,1.5,2.5,4.0,0.19569389747648136,4768
1.25,1.75,2.75,4.0,0.19569422616791007,4768
1.75,1.5,2.5,3.5,0.19569448208932336,4768
1.75,1.5,2.5,4.25,0.19569451901039434,4768
1.75,1.5,2.5,4.5,0.19569452073639546,4768
1.25,2.5,1.75,4.5,0.19569706763755784,4768
1.25,2.5,1.75,4.0,0.19569815772268767,4768
1.75,1.5,2.5,5.0,0.19569818975645595,4768
1.25,2.5,1.75,4.25,0.19569854263036413,4768
1.25,1.75,2.75,4.25,0.19569994237851643,4768
1.0,1.75,2.0,4.0,0.19570013564510752,4768
1.25,2.25,2.5,3.5,0.19570051101602814,4768
1.25,2.25,2.5,4.0,0.1957010397430222,4768
1.0,2.0,1.5,4.0,0.1957012274890926,4768
1.25,2.25,2.5,4.25,0.19570175748120855,4768
1.25,1.75,2.75,4.5,0.19570228192860775,4768
1.25,2.5,1.75,5.0,0.19570250714250792,4768
1.25,2.5,1.75,3.5,0.1957037523855828,4768
1.25,2.25,2.5,4.5,0.19570608014892996,4768
1.25,2.0,2.75,3.5,0.19570669726203546,4768
1.5,2.75,3.0,5.0,0.1957068735610081,4768
1.25,2.0,2.75,4.0,0.19570799336165962,4768
1.0,1.75,2.0,4.25,0.19570799681439685,4768
1.0,2.0,1.5,4.25,0.19570857513191267,4768
1.25,2.25,2.5,5.0,0.19570921908711308,4768
0.75,1.5,1.5,4.0,0.19571015272629627,4768
1.5,1.5,2.75,3.5,0.19571039474124843,4768
1.25,2.5,2.0,4.5,0.19571100208237263,4768
1.25,2.0,2.75,4.25,0.19571132932483148,4768
1.25,2.0,2.75,4.5,0.1957117028997927,4768
1.5,2.75,3.0,4.5,0.1957125783494942,4768
1.25,1.75,2.75,5.0,0.19571352657454422,4768
1.25,2.5,2.0,4.25,0.19571380492229526,4768
1.5,1.5,2.75,4.0,0.19571462983639834,4768
1.0,2.0,1.5,4.5,0.1957147383664392,4768
1.25,2.5,2.0,4.0,0.19571475700706456,4768
1.25,2.5,2.0,5.0,0.19571540475607088,4768
1.0,1.75,2.0,4.5,0.19571682102388321,4768
1.5,2.75,3.0,4.25,0.19571748260725416,4768
1.5,1.5,2.75,4.25,0.19571777532150506,4768
1.25,2.5,2.0,3.5,0.1957195578114346,4768
1.5,1.5,2.75,4.5,0.19572130328149842,4768
1.25,2.0,2.75,5.0,0.19572193496789775,4768
1.0,1.5,2.25,3.5,0.195722019501836,4768
1.5,2.75,3.0,4.0,0.19572211136203568,4768
1.5,1.5,2.75,5.0,0.19573059794354827,4768
1.0,2.0,1.5,5.0,0.19573105759936993,4768
1.0,1.75,2.0,5.0,0.19573265777548046,4768
1.5,2.75,3.0,3.5,0.1957351148658492,4768
1.0,2.0,1.75,3.5,0.19573862548020804,4768
1.0,1.5,2.25,4.0,0.1957409356365975,4768
1.25,1.5,2.75,3.5,0.19574434617059155,4768
1.25,2.5,2.25,4.5,0.1957463099788898,4768
1.25,2.5,2.25,4.0,0.19574700359464256,4768
1.25,2.5,2.25,4.25,0.19574771703244204,4768
1.0,2.0,1.75,4.0,0.19574958167095363,4768
1.25,2.5,2.25,5.0,0.19574977758487697,4768
1.25,2.5,2.25,3.5,0.19575006972881037,4768
1.0,1.5,2.25,4.25,0.19575012438019124,4768
1.0,2.0,1.75,4.25,0.1957545815541327,4768
1.25,1.5,2.75,4.0,0.19575726102132301,4768
1.0,1.5,2.25,4.5,0.19576031297201427,4768
1.0,2.0,1.75,4.5,0.19576233401968765,4768
1.25,1.5,2.75,4.25,0.19576309774049716,4768
1.25,2.25,2.75,3.5,0.19576313500439946,4768
1.25,2.25,2.75,4.0,0.19576351049560772,4768
1.75,1.5,2.75,4.5,0.19576407941131524,4768
1.75,1.5,2.75,4.25,0.19576430834228942,4768
1.75,1.5,2.75,4.0,0.1957645552206233,4768
1.0,1.75,2.25,3.5,0.19576483455799215,4768
1.25,2.25,2.75,4.25,0.1957649402812281,4768
1.25,2.25,2.75,4.5,0.19576669862939608,4768
1.75,1.5,2.75,3.5,0.1957677381935665,4768
1.25,1.5,2.75,4.5,0.19576915323544178,4768
1.75,1.5,2.75,5.0,0.1957698837576851,4768
1.25,1.75,3.0,3.5,0.195770024572784,4768
0.75,1.5,1.5,4.25,0.19577036239363585,4768
1.25,2.25,2.75,5.0,0.19577095993258997,4768
1.0,2.0,1.75,5.0,0.19577499640281226,4768
1.25,1.75,3.0,4.0,0.19577828683430654,4768
1.25,2.0,3.0,3.5,0.19578096165587605,4768
1.0,1.75,2.25,4.0,0.19578111964847533,4768
1.0,1.5,2.25,5.0,0.19578293695840768,4768
1.25,1.75,3.0,4.25,0.19578360291531677,4768
1.25,1.5,2.75,5.0,0.19578421795792159,4768
1.25,2.0,3.0,4.0,0.19578448037467996,4768
1.25,1.75,3.0,4.5,0.1957867318328604,4768
1.25,2.0,3.0,4.25,0.19578765631556244,4768
1.0,1.75,2.25,4.25,0.19578770797962047,4768
1.25,2.0,3.0,4.5,0.19578820009940764,4768
1.25,2.5,2.5,4.0,0.1957922074022454,4768
1.25,2.5,2.5,4.25,0.19579221331078817,4768
1.25,2.5,2.5,4.5,0.1957924934919206,4768
1.25,2.5,2.5,5.0,0.19579483012196983,4768
1.5,1.5,3.0,3.5,0.19579589883358697,4768
1.25,2.5,2.5,3.5,0.1957959896985165,4768
1.0,1.75,2.25,4.5,0.19579706757649532,4768
1.25,1.75,3.0,5.0,0.19579812640783087,4768
1.25,2.0,3.0,5.0,0.19579834639701,4768
1.0,2.0,2.0,3.5,0.19580047673201245,4768
1.5,1.5,3.0,4.0,0.19580156198433527,4768
1.5,1.5,3.0,4.25,0.1958038499451919,4768
1.5,1.5,3.0,4.5,0.19580897320971424,4768
1.0,2.0,2.0,4.0,0.19580903068435032,4768
1.0,2.0,2.0,4.25,0.19581188507589728,4768
1.0,1.75,2.25,5.0,0.19581350497833083,4768
1.5,1.5,3.0,5.0,0.195818555916436,4768
1.0,2.0,2.0,4.5,0.19581861678339066,4768
0.75,1.5,1.5,4.5,0.19581925491956198,4768
1.0,1.5,2.5,3.5,0.19582339138600235,4768
1.0,2.25,1.5,3.5,0.1958272999332576,4768
1.25,2.25,3.0,4.25,0.19582774120998456,4768
1.25,2.25,3.0,4.0,0.19582797501181634,4768
1.25,2.25,3.0,3.5,0.19582804501840306,4768
1.25,2.25,3.0,4.5,0.19582926549870294,4768
1.25,2.25,3.0,5.0,0.19583396282530705,4768
1.0,2.0,2.0,5.0,0.1958344189255618,4768
1.25,2.75,1.5,5.0,0.19583542402179288,4768
1.25,2.75,1.75,4.25,0.19583557526790799,4768
1.25,2.75,1.75,5.0,0.19583593881845476,4768
1.25,2.75,1.75,4.5,0.19583613290250762,4768
1.25,2.75,1.75,4.0,0.1958367142396867,4768
1.25,2.75,1.5,4.5,0.19583881599109018,4768
1.25,1.5,3.0,3.5,0.19583883403079017,4768
1.75,1.5,3.0,4.25,0.1958393939875565,4768
1.75,1.5,3.0,4.5,0.19583949273693682,4768
1.25,2.75,1.5,4.25,0.19584033288451758,4768
1.75,1.5,3.0,4.0,0.19584100228803433,4768
1.25,2.75,2.0,5.0,0.19584123231518183,4768
1.0,1.5,2.5,4.0,0.19584131151176037,4768
1.25,2.75,1.5,3.5,0.19584142672123162,4768
1.25,2.75,1.5,4.0,0.19584145270076986,4768
1.75,1.5,3.0,3.5,0.19584193557977303,4768
1.25,2.75,2.0,4.25,0.19584211887332598,4768
1.25,2.75,1.75,3.5,0.19584242737922747,4768
1.25,2.75,2.0,4.5,0.19584291499489723,4768
1.25,2.75,2.0,4.0,0.19584506827915021,4768
1.75,1.5,3.0,5.0,0.19584542064313964,4768
1.25,2.5,2.75,5.0,0.19584561467484857,4768
1.25,2.5,2.75,4.5,0.19584605395338148,4768
1.25,2.5,2.75,4.25,0.19584655617924865,4768
1.25,2.5,2.75,4.0,0.19584679976773464,4768
1.25,2.5,2.75,3.5,0.1958476434008588,4768
1.25,1.5,3.0,4.0,0.19585002102370863,4768
1.25,2.75,2.0,3.5,0.19585038660449638,4768
1.0,1.75,2.5,3.5,0.19585054680107866,4768
1.0,1.5,2.5,4.25,0.19585231508292764,4768
1.0,2.25,1.5,4.0,0.19585466880849184,4768
1.25,1.5,3.0,4.25,0.1958577592112568,4768
1.0,2.25,1.5,4.25,0.19586029313287465,4768
1.0,1.5,2.5,4.5,0.19586194506167076,4768
1.0,2.0,2.25,3.5,0.19586210138721066,4768
1.25,1.5,3.0,4.5,0.19586218162453425,4768
1.0,2.25,1.5,4.5,0.1958665788945239,4768
1.0,1.75,2.5,4.0,0.1958668084976877,4768
1.25,2.75,2.25,4.5,0.19586708060473917,4768
1.25,2.75,2.25,4.25,0.19586786414608706,4768
1.25,2.75,2.25,5.0,0.19586848184504005,4768
1.25,2.75,2.25,4.0,0.19586883928668786,4768
1.0,2.0,2.25,4.0,0.19587264597749315,4768
1.25,2.75,2.25,3.5,0.19587297048838478,4768
1.0,1.75,2.5,4.25,0.19587403437402187,4768
0.75,1.5,1.5,5.0,0.19587408608761586,4768
1.0,2.0,2.25,4.25,0.19587957585163435,4768
1.25,1.5,3.0,5.0,0.19587979190982888,4768
1.0,1.75,2.5,4.5,0.19588072698741896,4768
1.0,1.5,2.5,5.0,0.19588174179829865,4768
1.0,2.25,1.5,5.0,0.1958831810171788,4768
1.0,2.0,2.25,4.5,0.19588518226882648,4768
1.0,2.25,1.75,3.5,0.19589020328443862,4768
0.75,1.5,1.75,3.5,0.1958931913416392,4768
1.0,2.25,1.75,4.0,0.1958979584045995,4768
1.0,2.0,2.25,5.0,0.1958986927981684,4768
1.0,1.75,2.5,5.0,0.1958998830489182,4768
1.25,2.5,3.0,4.5,0.19590301899997115,4768
1.0,2.25,1.75,4.25,0.19590307078873792,4768
1.25,2.75,2.5,4.5,0.19590372007905424,4768
1.25,2.5,3.0,4.25,0.19590419478932472,4768
1.25,2.75,2.5,5.0,0.19590551405384862,4768
1.25,2.5,3.0,4.0,0.1959055184393965,4768
1.0,2.25,1.75,4.5,0.19590619409491525,4768
1.25,2.75,2.5,4.25,0.19590691347222933,4768
1.25,2.75,2.5,4.0,0.19590747212427287,4768
1.25,2.5,3.0,5.0,0.19590772494337502,4768
1.25,2.5,3.0,3.5,0.19590929945713,4768
1.25,2.75,2.5,3.5,0.1959142585726709,4768
1.0,2.25,1.75,5.0,0.19591723696305258,4768
1.0,1.5,2.75,3.5,0.1959193641159288,4768
1.0,2.25,2.0,3.5,0.19593076507271207,4768
0.75,1.5,1.75,4.0,0.19593276400188953,4768
1.0,2.0,2.5,3.5,0.19593561919926297,4768
1.0,1.75,2.75,3.5,0.19593973979396626,4768
1.0,2.25,2.0,4.0,0.19593995092365646,4768
1.0,1.5,2.75,4.0,0.19594138149495802,4768
1.0,2.25,2.0,4.25,0.19594561200476526,4768
1.0,2.0,2.5,4.0,0.19594780818298627,4768
1.25,2.75,2.75,5.0,0.195949091002797,4768
1.0,2.25,2.0,4.5,0.1959493010599466,4768
0.75,1.5,1.75,4.25,0.19594935102394803,4768
1.0,1.5,2.75,4.25,0.19595075604504406,4768
1.25,2.75,2.75,4.25,0.19595093011689518,4768
1.25,2.75,2.75,4.5,0.19595146755714268,4768
1.0,2.0,2.5,4.25,0.19595281320723745,4768
1.25,2.75,2.75,4.0,0.19595408771555162,4768
1.0,1.75,2.75,4.0,0.19595740153212643,4768
1.0,2.25,2.0,5.0,0.19596046555735297,4768
1.0,2.0,2.5,4.5,0.19596130966970557,4768
0.75,1.5,1.75,4.5,0.19596137804864502,4768
1.25,2.75,2.75,3.5,0.19596157760633964,4768
1.0,1.5,2.75,4.5,0.19596432553266907,4768
0.75,1.75,1.5,3.5,0.19596573274774154,4768
1.0,1.75,2.75,4.25,0.19596713204994964,4768
1.0,2.0,2.5,5.0,0.19597279106587942,4768
1.0,1.75,2.75,4.5,0.19597742353601055,4768
1.0,1.5,2.75,5.0,0.19598384438367486,4768
1.0,2.25,2.25,3.5,0.1959893732945795,4768
0.75,1.5,1.75,5.0,0.19599387460544093,4768
1.0,1.75,2.75,5.0,0.19599396546848996,4768
1.0,2.25,2.25,4.0,0.19599822349969903,4768
1.0,2.25,2.25,4.25,0.1960025700475851,4768
1.25,2.75,3.0,5.0,0.19600374990047975,4768
1.25,2.75,3.0,4.5,0.19600514113381626,4768
1.25,2.75,3.0,4.25,0.19600516115183783,4768
1.25,2.75,3.0,4.0,0.19600777988481077,4768
1.0,2.25,2.25,4.5,0.19600833258553424,4768
0.75,1.75,1.5,4.0,0.19601018424573485,4768
0.75,1.5,2.0,3.5,0.1960111158249718,4768
1.25,2.75,3.0,3.5,0.19601529071076607,4768
1.0,2.25,2.25,5.0,0.19601949240471148,4768
1.0,2.5,1.5,3.5,0.19602116783599294,4768
1.0,2.0,2.75,3.5,0.19602196040747089,4768
0.75,1.75,1.5,4.25,0.19602305722106725,4768
1.0,1.5,3.0,3.5,0.19602411683169862,4768
1.0,2.0,2.75,4.0,0.19603332251988878,4768
0.75,1.75,1.5,4.5,0.19603652115097858,4768
1.0,1.75,3.0,3.5,0.19603715391336193,4768
1.0,2.5,1.5,4.0,0.19603812512522156,4768
1.0,2.0,2.75,4.25,0.19604068004650757,4768
0.75,1.5,2.0,4.0,0.19604353277047065,4768
1.0,1.5,3.0,4.0,0.19604549645091143,4768
1.0,2.5,1.5,4.25,0.1960461860830312,4768
1.0,2.0,2.75,4.5,0.19604849284574888,4768
1.0,2.5,1.5,4.5,0.19604871234148644,4768
1.0,1.75,3.0,4.0,0.19605233774491407,4768
1.0,1.5,3.0,4.25,0.19605555635911392,4768
1.0,2.5,1.5,5.0,0.19605764882411078,4768
0.75,1.5,2.0,4.25,0.19605795207429758,4768
1.0,2.25,2.5,3.5,0.19605825762081833,4768
1.0,2.0,2.75,5.0,0.19606065207501133,4768
0.75,1.75,1.5,5.0,0.1960613671487079,4768
1.0,1.75,3.0,4.25,0.19606152727387094,4768
1.0,2.5,1.75,3.5,0.19606215622960688,4768
1.0,1.5,3.0,4.5,0.19606435548391601,4768
1.0,2.25,2.5,4.0,0.1960660367879262,4768
1.0,2.5,1.75,4.0,0.1960664098338618,4768
1.0,1.75,3.0,4.5,0.196070421363922,4768
1.0,2.5,1.75,4.25,0.19607060600905557,4768
0.75,1.5,2.0,4.5,0.19607094388998317,4768
1.0,2.5,1.75,4.5,0.19607208281063773,4768
1.0,2.25,2.5,4.25,0.1960721326185951,4768
0.75,1.75,1.75,3.5,0.19607389558422167,4768
1.0,2.25,2.5,4.5,0.19607466355470132,4768
1.0,2.5,1.75,5.0,0.19608192193333382,4768
1.0,1.5,3.0,5.0,0.19608741327542348,4768
1.0,2.25,2.5,5.0,0.19608775074758455,4768
1.0,1.75,3.0,5.0,0.19608785193470987,4768
1.0,2.5,2.0,3.5,0.19609388910796874,4768
1.0,2.5,2.0,4.0,0.1960996869066414,4768
0.75,1.5,2.0,5.0,0.19610064835495664,4768
0.75,1.75,1.75,4.0,0.19610314836347212,4768
1.0,2.0,3.0,3.5,0.19610376278182315,4768
1.0,2.5,2.0,4.25,0.19610414258550035,4768
1.0,2.5,2.0,4.5,0.1961087404290288,4768
1.0,2.0,3.0,4.0,0.19611383301061158,4768
0.75,1.75,1.75,4.25,0.1961158394503944,4768
1.0,2.5,2.0,5.0,0.19611664334651233,4768
1.0,2.0,3.0,4.25,0.1961183186702384,4768
0.75,1.5,2.25,3.5,0.19612428261058887,4768
1.0,2.25,2.75,3.5,0.19612730772788112,4768
1.0,2.0,3.0,4.5,0.19612767326576028,4768
0.75,1.75,1.75,4.5,0.19612961863775968,4768
1.0,2.25,2.75,4.0,0.19613488428252815,4768
1.0,2.0,3.0,5.0,0.19613923915123282,4768
1.0,2.25,2.75,4.25,0.1961405713268002,4768
1.0,2.5,2.25,3.5,0.19614100057367734,4768
1.0,2.25,2.75,4.5,0.19614248100785475,4768
1.0,2.5,2.25,4.0,0.19614475337499912,4768
1.0,2.5,2.25,4.25,0.1961491829928588,4768
1.0,2.5,2.25,4.5,0.1961505565058033,4768
0.75,1.75,1.75,5.0,0.1961528169052419,4768
1.0,2.25,2.75,5.0,0.1961536220097761,4768
0.75,1.5,2.25,4.0,0.19615587348290112,4768
1.0,2.5,2.25,5.0,0.19615902873005192,4768
0.75,1.75,2.0,3.5,0.19616966084336437,4768
0.75,1.5,2.25,4.25,0.1961709997565649,4768
0.75,2.0,1.5,3.5,0.19617519829052568,4768
0.75,1.5,2.25,4.5,0.19618339332561446,4768
0.75,1.75,2.0,4.0,0.19619379656663546,4768
1.0,2.5,2.5,3.5,0.19619495294309147,4768
1.0,2.5,2.5,4.0,0.1962000001600314,4768
1.0,2.25,3.0,3.5,0.19620100098633933,4768
0.75,1.75,2.0,4.25,0.1962035094739142,4768
1.0,2.5,2.5,4.25,0.19620444008333413,4768
1.0,2.5,2.5,4.5,0.19620605092391655,4768
1.0,2.25,3.0,4.0,0.1962082823963811,4768
0.75,2.0,1.5,4.0,0.19620945482034655,4768
1.0,2.25,3.0,4.25,0.19621281769632126,4768
0.75,1.5,2.25,5.0,0.19621505350702026,4768
1.0,2.5,2.5,5.0,0.19621553719960844,4768
0.75,1.75,2.0,4.5,0.19621605611323362,4768
1.0,2.75,1.5,3.5,0.1962172641476205,4768
1.0,2.25,3.0,4.5,0.19621749576296624,4768
1.0,2.25,3.0,5.0,0.19622876214275353,4768
1.0,2.75,1.5,4.0,0.196228968274947,4768
0.75,2.0,1.5,4.25,0.1962289685294126,4768
1.0,2.75,1.5,4.25,0.19623317174452573,4768
1.0,2.75,1.5,4.5,0.19623580079349154,4768
1.0,2.75,1.5,5.0,0.19623866738964316,4768
0.75,2.0,1.5,4.5,0.19623949031118204,4768
0.75,1.75,2.0,5.0,0.19624066540038793,4768
1.0,2.75,1.75,3.5,0.19624214194752912,4768
0.75,1.5,2.5,3.5,0.19624335732692766,4768
1.0,2.75,1.75,4.0,0.19624370261606305,4768
1.0,2.75,1.75,4.25,0.19624580568092304,4768
1.0,2.75,1.75,4.5,0.19624764914077011,4768
1.0,2.75,1.75,5.0,0.19625410973705454,4768
1.0,2.5,2.75,3.5,0.19625562417043704,4768
0.75,2.0,1.5,5.0,0.1962615269889651,4768
1.0,2.5,2.75,4.0,0.19626163747958592,4768
0.75,1.75,2.25,3.5,0.19626374735505192,4768
1.0,2.5,2.75,4.25,0.19626532661697813,4768
1.0,2.75,2.0,3.5,0.19626648244285616,4768
1.0,2.75,2.0,4.0,0.19626759371990363,4768
1.0,2.5,2.75,4.5,0.19626919836306042,4768
1.0,2.75,2.0,4.25,0.19627041918590674,4768
0.75,2.0,1.75,3.5,0.1962709270048527,4768
0.75,1.5,2.5,4.0,0.19627257168586115,4768
1.0,2.75,2.0,4.5,0.1962746396634155,4768
1.0,2.75,2.0,5.0,0.19627740621726036,4768
1.0,2.5,2.75,5.0,0.1962780640842727,4768
0.75,1.5,2.5,4.25,0.19628831911165429,4768
0.75,1.75,2.25,4.0,0.19629069053968257,4768
0.75,2.0,1.75,4.0,0.19629460095966933,4768
0.75,1.5,2.5,4.5,0.19630032143482562,4768
0.75,1.75,2.25,4.25,0.19630359255173443,4768
0.75,2.0,1.75,4.25,0.19630442057711422,4768
1.0,2.75,2.25,3.5,0.19630616020489491,4768
1.0,2.75,2.25,4.0,0.19630944033973013,4768
1.0,2.75,2.25,4.25,0.19631160645528994,4768
0.75,2.0,1.75,4.5,0.19631288437118957,4768
1.0,2.75,2.25,4.5,0.19631338120085276,4768
0.75,1.75,2.25,4.5,0.1963141504011946,4768
1.0,2.75,2.25,5.0,0.19631922571596477,4768
1.0,2.5,3.0,3.5,0.19632338349639966,4768
1.0,2.5,3.0,4.0,0.19632796560372232,4768
0.75,1.5,2.5,5.0,0.19633020930062758,4768
1.0,2.5,3.0,4.25,0.19633056658699918,4768
1.0,2.5,3.0,4.5,0.19633547694452216,4768
0.75,2.0,1.75,5.0,0.19633578166960855,4768
0.75,1.75,2.25,5.0,0.19633958076055028,4768
1.0,2.5,3.0,5.0,0.19634376288227168,4768
0.75,2.0,2.0,3.5,0.19634900299444188,4768
1.0,2.75,2.5,3.5,0.19635097823299888,4768
1.0,2.75,2.5,4.0,0.19635337041317935,4768
1.0,2.75,2.5,4.5,0.19635620978269136,4768
0.75,1.5,2.75,3.5,0.19635630072284596,4768
1.0,2.75,2.5,4.25,0.1963565636944897,4768
0.75,1.75,2.5,3.5,0.19636046559399017,4768
1.0,2.75,2.5,5.0,0.19636181248948006,4768
0.75,2.0,2.0,4.0,0.19637334844821125,4768
0.75,2.0,2.0,4.25,0.19638579553949825,4768
0.75,1.75,2.5,4.0,0.19638703342278022,4768
0.75,1.5,2.75,4.0,0.19638744140020312,4768
0.75,2.0,2.0,4.5,0.19639531131982302,4768
0.75,1.75,2.5,4.25,0.19639958076992975,4768
0.75,1.5,2.75,4.25,0.1964015204458744,4768
0.75,2.25,1.5,3.5,0.1964017795672194,4768
1.0,2.75,2.75,3.5,0.1964068070696938,4768
1.0,2.75,2.75,4.0,0.19640955406466518,4768
1.0,2.75,2.75,4.25,0.19641193994536485,4768
1.0,2.75,2.75,4.5,0.19641218651155398,4768
0.75,1.75,2.5,4.5,0.19641334670343522,4768
0.75,1.5,2.75,4.5,0.19641699429036485,4768
0.75,2.0,2.0,5.0,0.196417652462932,4768
1.0,2.75,2.75,5.0,0.19641878780538047,4768
0.75,2.0,2.25,3.5,0.19642630002357697,4768
0.75,1.75,2.5,5.0,0.19643704377367616,4768
0.75,1.5,2.75,5.0,0.19644350365068278,4768
0.75,2.25,1.5,4.0,0.19644555976079367,4768
0.75,2.0,2.25,4.0,0.19644982765387106,4768
0.75,2.25,1.5,4.25,0.1964580181706472,4768
0.75,1.75,2.75,3.5,0.19645933337550117,4768
0.75,2.0,2.25,4.25,0.19646170225949247,4768
0.75,2.25,1.5,4.5,0.19646769925537294,4768
1.0,2.75,3.0,4.0,0.19646829463123103,4768
1.0,2.75,3.0,3.5,0.1964687021845123,4768
0.75,1.5,3.0,3.5,0.19646912320628424,4768
1.0,2.75,3.0,4.25,0.19647154693420327,4768
0.75,2.0,2.25,4.5,0.19647185598388558,4768
1.0,2.75,3.0,4.5,0.19647195210554555,4768
1.0,2.75,3.0,5.0,0.1964756732517145,4768
0.75,1.75,2.75,4.0,0.19648305122087664,4768
0.75,2.25,1.5,5.0,0.19648662752633075,4768
0.75,2.25,1.75,3.5,0.1964896976387907,4768
0.75,2.0,2.25,5.0,0.1964930686646029,4768
0.75,1.5,3.0,4.0,0.196499661904178,4768
0.75,1.75,2.75,4.25,0.19650130886003897,4768
0.75,2.25,1.75,4.0,0.1965063364662,4768
0.75,1.75,2.75,4.5,0.1965128215047109,4768
0.75,2.0,2.5,3.5,0.19651334435480478,4768
0.75,1.5,3.0,4.25,0.19651582680394167,4768
0.75,2.25,1.75,4.25,0.1965161308452456,4768
0.75,2.25,1.75,4.5,0.19652399087239053,4768
0.75,1.5,3.0,4.5,0.19652869785457727,4768
0.75,2.0,2.5,4.0,0.19653616341837327,4768
0.75,1.75,2.75,5.0,0.1965390495946839,4768
0.75,2.25,1.75,5.0,0.19654268852962833,4768
0.75,2.0,2.5,4.25,0.19654776615772754,4768
0.75,2.25,2.0,3.5,0.19655049691419527,4768
0.75,2.0,2.5,4.5,0.19655886872429743,4768
0.75,1.5,3.0,5.0,0.19656258494889253,4768
0.75,1.75,3.0,3.5,0.1965649006823365,4768
0.75,2.25,2.0,4.0,0.19656891930188947,4768
0.75,2.25,2.0,4.25,0.19657851408979493,4768
0.75,2.0,2.5,5.0,0.19657868469018933,4768
0.75,2.25,2.0,4.5,0.19658727289251413,4768
0.75,1.75,3.0,4.0,0.1965920756898387,4768
0.75,2.0,2.75,3.5,0.19660316476068768,4768
0.75,2.25,2.0,5.0,0.19660543803847,4768
0.75,1.75,3.0,4.25,0.1966067018878949,4768
0.75,1.75,3.0,4.5,0.19661845401738842,4768
0.75,2.5,1.5,3.5,0.19661881995718794,4768
0.75,2.25,2.25,3.5,0.1966202406425848,4768
0.75,2.0,2.75,4.0,0.19662738037169725,4768
0.75,2.25,2.25,4.0,0.1966377943334697,4768
0.75,2.0,2.75,4.25,0.19663987603855268,4768
0.75,1.75,3.0,5.0,0.1966456485990284,4768
0.75,2.0,2.75,4.5,0.19664764144612248,4768
0.75,2.25,2.25,4.25,0.19664781142809304,4768
0.75,2.25,2.25,4.5,0.19665401139797314,4768
0.75,2.0,2.75,5.0,0.19667006797897593,4768
0.75,2.5,1.5,4.0,0.1966718671061796,4768
0.75,2.25,2.25,5.0,0.19667406695152304,4768
0.75,2.5,1.5,4.25,0.19667780874411506,4768
0.75,2.5,1.5,4.5,0.19668681144706254,4768
0.75,2.25,2.5,3.5,0.19669778779443237,4768
0.75,2.5,1.75,3.5,0.19669986894943603,4768
0.75,2.0,3.0,3.5,0.1967007820958423,4768
0.75,2.5,1.5,5.0,0.19670271403302153,4768
0.75,2.5,1.75,4.0,0.19671620908373835,4768
0.75,2.25,2.5,4.0,0.1967177638813115,4768
0.75,2.0,3.0,4.0,0.19672325228362778,4768
0.75,2.5,1.75,4.25,0.1967260852391701,4768
0.75,2.25,2.5,4.25,0.19672750932565022,4768
0.75,2.5,1.75,4.5,0.1967339897767996,4768
0.75,2.0,3.0,4.25,0.1967341657014512,4768
0.75,2.25,2.5,4.5,0.19673548970797886,4768
0.75,2.0,3.0,4.5,0.1967432608043443,4768
0.75,2.5,1.75,5.0,0.19674974364646922,4768
0.75,2.25,2.5,5.0,0.1967553170614018,4768
0.75,2.5,2.0,3.5,0.19675898879802334,4768
0.75,2.0,3.0,5.0,0.1967655889100239,4768
0.75,2.5,2.0,4.0,0.1967730461306466,4768
0.75,2.25,2.75,3.5,0.1967804142355838,4768
0.75,2.5,2.0,4.25,0.19678227755454597,4768
0.75,2.5,2.0,4.5,0.19678788342508932,4768
0.75,2.25,2.75,4.0,0.19679823064412977,4768
0.75,2.5,2.0,5.0,0.19680486075607653,4768
0.75,2.25,2.75,4.25,0.19680851801008498,4768
0.75,2.5,2.25,3.5,0.19681502787669625,4768
0.75,2.25,2.75,4.5,0.19681744507976667,4768
0.75,2.5,2.25,4.0,0.19683073407203155,4768
0.75,2.25,2.75,5.0,0.19683359720886212,4768
0.75,2.5,2.25,4.25,0.19683708712640552,4768
0.75,2.75,1.5,3.5,0.19684180171119825,4768
0.75,2.5,2.25,4.5,0.1968453256584683,4768
0.75,2.25,3.0,3.5,0.19685884462924008,4768
0.75,2.5,2.25,5.0,0.19686027934944794,4768
0.75,2.25,3.0,4.0,0.1968807401213349,4768
0.75,2.5,2.5,3.5,0.19688213673621952,4768
0.75,2.25,3.0,4.25,0.19689091893195756,4768
0.75,2.25,3.0,4.5,0.19689710248666015,4768
0.75,2.5,2.5,4.0,0.19689772035719824,4768
0.75,2.75,1.5,4.0,0.19690337842658212,4768
0.75,2.5,2.5,4.25,0.1969064613289429,4768
0.75,2.75,1.5,4.25,0.19691057216857058,4768
0.75,2.5,2.5,4.5,0.196914016234311,4768
0.75,2.75,1.5,4.5,0.1969165532378292,4768
0.75,2.25,3.0,5.0,0.19691661624677181,4768
0.75,2.75,1.75,3.5,0.19692802944972235,4768
0.75,2.5,2.5,5.0,0.19692985044549247,4768
0.75,2.75,1.5,5.0,0.19693268459974014,4768
0.75,2.75,1.75,4.0,0.19694003529268522,4768
0.75,2.75,1.75,4.25,0.19694616775287488,4768
0.75,2.5,2.75,3.5,0.1969484751846993,4768
0.75,2.75,1.75,4.5,0.19695089318359935,4768
0.75,2.75,1.75,5.0,0.19696337820108484,4768
0.75,2.5,2.75,4.0,0.19696667906055135,4768
0.75,2.5,2.75,4.25,0.19697444728840968,4768
0.75,2.75,2.0,3.5,0.19697826612985828,4768
0.75,2.5,2.75,4.5,0.19698203897760985,4768
0.75,2.75,2.0,4.0,0.19698664677102262,4768
0.75,2.75,2.0,4.25,0.196993925883251,4768
0.75,2.75,2.0,4.5,0.1969984062373457,4768
0.75,2.5,2.75,5.0,0.19699841844463192,4768
0.75,2.75,2.0,5.0,0.1970145821450382,4768
0.75,2.75,2.25,3.5,0.19702081549397985,4768
0.75,2.5,3.0,3.5,0.19702219792515685,4768
0.75,2.75,2.25,4.0,0.19703463469928792,4768
0.75,2.5,3.0,4.0,0.19703791868413184,4768
0.75,2.75,2.25,4.25,0.1970393838832674,4768
0.75,2.75,2.25,4.5,0.19704685226975904,4768
0.75,2.5,3.0,4.25,0.1970471609319784,4768
0.75,2.5,3.0,4.5,0.1970532295086491,4768
0.75,2.75,2.25,5.0,0.19705796811929824,4768
0.75,2.5,3.0,5.0,0.19707490927020177,4768
0.75,2.75,2.5,3.5,0.19707839413169279,4768
0.75,2.75,2.5,4.0,0.19709260823260616,4768
0.75,2.75,2.5,4.25,0.1970997023856204,4768
0.75,2.75,2.5,4.5,0.19710504996091996,4768
0.75,2.75,2.5,5.0,0.1971183032901613,4768
0.75,2.75,2.75,3.5,0.19714213753777857,4768
0.75,2.75,2.75,4.0,0.1971558998523925,4768
0.75,2.75,2.75,4.25,0.19716294720504038,4768
0.75,2.75,2.75,4.5,0.1971675311017533,4768
0.75,2.75,2.75,5.0,0.19718297597003318,4768
0.75,2.75,3.0,3.5,0.19721426802724834,4768
0.75,2.75,3.0,4.0,0.19722749620320362,4768
0.75,2.75,3.0,4.25,0.197234518468233,4768
0.75,2.75,3.0,4.5,0.19724070895469975,4768
0.75,2.75,3.0,5.0,0.19725554397464998,4768
